商品链接,商品标题,划线价
https://item.taobao.com/item.htm?spm=a1z10.3-c-s.w4002-22551421818.11.78251f04znrdnA&id=569341852920,宅酒配Ardbeg苏格兰进口阿贝10年 阿德贝哥单一麦芽威士忌洋酒,392.86
https://item.taobao.com/item.htm?spm=a1z10.3-c-s.w4002-22551421818.11.78251f04znrdnA&id=569341852920,Ardbeg苏格兰进口阿贝雅柏阿德贝哥10年单一麦芽威士忌 包邮现货,286.50
https://item.taobao.com/item.htm?spm=a1z10.3-c-s.w4002-22551421818.11.78251f04znrdnA&id=569341852920,洋酒 阿贝漩涡Ardbeg雅柏阿德贝哥单一麦芽威士忌 700ml,605.00
https://item.taobao.com/item.htm?spm=a1z10.3-c-s.w4002-22551421818.11.78251f04znrdnA&id=569341852920,洋酒 孟买蓝宝石金酒 伦敦干毡酒 杜松子露酒BOMBAY SAPPHIRE GIN,71.00
https://item.taobao.com/item.htm?spm=a1z10.3-c-s.w4002-22551421818.11.78251f04znrdnA&id=569341852920,老宋的微醺23点 英国原装进口孟买蓝宝石金酒金汤力鸡尾洋酒750ml,128.00
https://item.taobao.com/item.htm?spm=a1z10.3-c-s.w4002-22551421818.11.78251f04znrdnA&id=569341852920,波摩12年单一麦芽苏格兰威士忌 Bowmore ISLAY洋酒 烈酒 艾莱岛,320.00
https://item.taobao.com/item.htm?spm=a1z10.3-c-s.w4002-22551421818.11.78251f04znrdnA&id=569341852920,Bowmore 苏格兰波摩15年单一麦芽威士忌 进口洋酒正品行货包邮,685.71
https://item.taobao.com/item.htm?spm=a1z10.3-c-s.w4002-22551421818.11.78251f04znrdnA&id=569341852920,进口洋酒 Bowmore 波摩15年艾雷岛单一麦芽苏格兰威士忌700ml新装,596.00
https://item.taobao.com/item.htm?spm=a1z10.3-c-s.w4002-22551421818.11.78251f04znrdnA&id=569341852920,艾柏迪12年单一麦芽苏格兰威士忌 ABERFELDY 艾伯迪原装进口 洋酒,222.00
https://item.taobao.com/item.htm?spm=a1z10.3-c-s.w4002-22551421818.11.78251f04znrdnA&id=569341852920,Aberfeldy 12YO 艾柏迪12年单一麦芽苏格兰威士忌 艾伯迪洋酒,316.00
https://item.taobao.com/item.htm?spm=a1z10.3-c-s.w4002-22551421818.11.78251f04znrdnA&id=569341852920,三得利 HAKUSHU 12YO 白州12年单一麦芽威士忌 日本威士忌,2388.00
https://item.taobao.com/item.htm?spm=a1z10.3-c-s.w4002-22551421818.11.78251f04znrdnA&id=569341852920,Suntory Hakushu日本三得利原装进口白州1973单一麦芽威士忌洋酒,1080.00 - 1180.00
